0,1,2,3,4,outcome,date,last_market_date,symbol
2.729159164312445,2.805176911832933,2.7868613815264998,2.8243506567983707,2.833213344056216,-1,2018-02-14,2018-02-07,MAT
4.362588940781406,4.353241283242128,4.330470147759479,4.319619174545265,4.319619174545265,-1,2018-02-14,2018-02-07,PNW
4.099497927462895,4.072610070076094,4.0428758138469085,4.06285389513073,4.058544658090914,-1,2018-02-14,2018-02-07,LUV
4.941785269549052,4.924932151903284,4.87052995943538,4.881513213769878,4.878398301469722,-1,2018-02-14,2018-02-07,JNJ
5.845831654381072,5.851800099980007,5.8050747261380735,5.8254099627779,5.812965674537693,-1,2018-02-14,2018-02-07,REGN
3.279029747687948,3.26804686887465,3.2268439945173775,3.2402458506043934,3.234355395716587,-1,2018-02-14,2018-02-07,JNPR
4.223763342972998,4.195546442731068,4.14962157771194,4.158726821151369,4.150724895658208,-1,2018-02-14,2018-02-07,CERN
4.491105229700119,4.451086170605376,4.41992435767689,4.442533602510535,4.430459592195472,-1,2018-02-14,2018-02-07,FMC
5.146912912388804,5.132144711493453,5.098951375144823,5.1070357883825706,5.110239272641702,-1,2018-02-14,2018-02-07,MCD
3.4560011737028296,3.4429789156771102,3.393837027255863,3.3945083935113587,3.3951793093365925,-1,2018-02-14,2018-02-07,GLW
7.551549386969438,7.527847778636171,7.509844725261286,7.527611076965243,7.540451572632865,-1,2018-02-14,2018-02-07,PCLN
4.315352501405889,4.326249619204883,4.2857910267930555,4.267316996289947,4.273745190588392,-1,2018-02-14,2018-02-07,XYL
2.9678470700644555,2.8887037007954675,2.8707357833793057,2.930660276810276,2.882563575448353,-1,2018-02-14,2018-02-07,FCX
3.923753928303845,3.866816412590067,3.7952644448179504,3.827771452980555,3.786686514116848,-1,2018-02-14,2018-02-07,HES
4.598044861045503,4.564556503102795,4.520701029361642,4.516776035225496,4.545632473271895,-1,2018-02-14,2018-02-07,ABC
3.479700443150099,3.435598808379488,3.380314170745731,3.3748534063225533,3.360722549096437,-1,2018-02-14,2018-02-07,BHGE
3.606312730456974,3.600321427132145,3.545874759696932,3.5633162311385904,3.554776469590456,-1,2018-02-14,2018-02-07,PFE
4.973141089668675,4.966962016306286,4.944068049824143,4.941070830710347,4.945563297352541,-1,2018-02-14,2018-02-07,AON
3.566146688731639,3.5544905510752844,3.5133348815990053,3.517497837358316,3.5263605246161616,-1,2018-02-14,2018-02-07,CA
4.816564990267753,4.812997033190408,4.763284429081783,4.778787302151899,4.763284429081783,-1,2018-02-14,2018-02-07,PKG
4.872292344474511,4.852108385868018,4.8445807097661735,4.857328702370825,4.858338450407997,-1,2018-02-14,2018-02-07,RHT
5.153753915356684,5.138031236614695,5.0821494289702525,5.100719722201566,5.096445950509366,-1,2018-02-14,2018-02-07,ITW
4.404766121643371,4.397161522258152,4.367166771766858,4.368941395125226,4.35619587463936,-1,2018-02-14,2018-02-07,AWK
4.361823927356363,4.338205355125032,4.313547024303048,4.326513924743623,4.325323999304086,-1,2018-02-14,2018-02-07,PYPL
4.670302280925873,4.641984159110808,4.598950886174174,4.641212777335021,4.6480380862152675,-1,2018-02-14,2018-02-07,CNC
3.606312730456974,3.571783682237689,3.540089380528774,3.551913599040779,3.546163151912341,-1,2018-02-14,2018-02-07,MGM
3.1599747169480397,3.17220341666977,3.1463051320333655,3.1552968432253294,3.1518809560439225,-1,2018-02-14,2018-02-07,HCP
5.242328856339181,5.18772094520601,5.137855144106975,5.183691840706733,5.145340996948547,-1,2018-02-14,2018-02-07,LRCX
4.677676876774839,4.640151154883337,4.6203543213131315,4.629472478511056,4.631422557132157,-1,2018-02-14,2018-02-07,MKC
4.37197629882038,4.344065128386763,4.294151248171873,4.31508522892,4.317354771313298,-1,2018-02-14,2018-02-07,C
5.460521246422891,5.446219996471532,5.3937184513112895,5.416900082374984,5.419738221752376,-1,2018-02-14,2018-02-07,UNH
4.34536265030229,4.330470147759479,4.309590341409169,4.300816579248338,4.287303782358995,-1,2018-02-14,2018-02-07,ETR
5.072983919160791,5.053183797342212,5.044199010934396,5.049727793902352,5.042521482958578,-1,2018-02-14,2018-02-07,SPG
3.8989377658794906,3.86094021519883,3.8284239815518326,3.8543938925915096,3.894062680051153,-1,2018-02-14,2018-02-07,LB
4.821490511954176,4.799831954866651,4.774068722449905,4.774153178342865,4.767289035464526,-1,2018-02-14,2018-02-07,EFX
4.226249633102039,4.194943760778217,4.151826997635463,4.167285186623816,4.157632301458019,-1,2018-02-14,2018-02-07,PFG
4.834057211929367,4.795046467186156,4.755915072680517,4.787241711526836,4.784570814354383,-1,2018-02-14,2018-02-07,V
3.627269972482245,3.603049197508743,3.573749146860305,3.575430761606357,3.580458705159516,-1,2018-02-14,2018-02-07,CAG
5.425698635875129,5.417787866524203,5.384449190177324,5.388249474048644,5.383623123127137,-1,2018-02-14,2018-02-07,ESS
2.4432162227337915,2.4087452888224363,2.3608540011180215,2.3589654264301534,2.349468678892896,-1,2018-02-14,2018-02-07,AES
4.51906748693468,4.518413322061809,4.487512142519859,4.490768925678116,4.4765410433909105,-1,2018-02-14,2018-02-07,MAA
4.489422577443778,4.437106500940836,4.378520495344594,4.36118596880203,4.343025897324149,-1,2018-02-14,2018-02-07,XOM
5.837322200579335,5.819459590715978,5.775699954193676,5.791488055075306,5.822039472049048,-1,2018-02-14,2018-02-07,NOC
4.930798120854626,4.920418786157677,4.883180638743141,4.880830283212547,4.8912509770728985,-1,2018-02-14,2018-02-07,ECL
4.138839802108651,4.1183865567023386,4.089834406744215,4.0884941485439255,4.0975062255596795,-1,2018-02-14,2018-02-07,MAC
3.9983841710761894,3.9548909056553216,3.9128226855987105,3.924544285981818,3.905803705614229,-1,2018-02-14,2018-02-07,HAL
3.849296175519841,3.827771452980555,3.805995600782616,3.8922283780999667,3.914021008090819,-1,2018-02-14,2018-02-07,TPR
4.2171519914836475,4.21582445975981,4.196901150547193,4.173001695045377,4.165889729385197,-1,2018-02-14,2018-02-07,AEP
4.67077064307204,4.6504303173929555,4.602566800117977,4.618678536012884,4.612443669954589,-1,2018-02-14,2018-02-07,NTRS
5.0106352940962555,4.996874378846218,4.95244104985153,4.947695494322382,4.956812487398749,-1,2018-02-14,2018-02-07,TRV
5.267600393885976,5.227680286948596,5.1949548535528836,5.193234590094884,5.175188819066886,-1,2018-02-14,2018-02-07,IDXX
4.533244446416503,4.52124495105033,4.479380179929792,4.482889551279259,4.482889551279259,-1,2018-02-14,2018-02-07,AIZ
5.123070723426044,5.10570302026865,5.056373185770109,5.086855320007665,5.084133556605299,-1,2018-02-14,2018-02-07,DE
4.40745068701404,4.404766121643371,4.380400312929297,4.378645926514404,4.387262901469128,-1,2018-02-14,2018-02-07,EXR
5.153522781644804,5.1337964343795885,5.095098984041097,5.127944143269923,5.1337964343795885,-1,2018-02-14,2018-02-07,LH
5.261912684654237,5.2428046566177775,5.191900737843547,5.220680096820884,5.220193649766458,-1,2018-02-14,2018-02-07,MTB
4.605170185988092,4.571406555835282,4.52189726679427,4.545207844815408,4.539137215383653,-1,2018-02-14,2018-02-07,AXP
4.507998274235818,4.479720335270676,4.430340494952432,4.423888088768799,4.422208424306714,-1,2018-02-14,2018-02-07,TMK
4.929569841375035,4.9023817086560015,4.846075066880943,4.866071842904903,4.882574624028738,-1,2018-02-14,2018-02-07,UTX
3.646754527813265,3.6232736970159425,3.5975861956675455,3.6090242288644716,3.671987586443718,-1,2018-02-14,2018-02-07,BLL
4.366278277705742,4.35619587463936,4.345492309945908,4.3291531450668135,4.3209487851652915,-1,2018-02-14,2018-02-07,ED
4.442415934686665,4.436159643253809,4.399620943074833,4.402686737370185,4.3987608336650466,-1,2018-02-14,2018-02-07,MDT
6.639065047711948,6.62084624099554,6.595220247751889,6.613478173697164,6.590754242192069,-1,2018-02-14,2018-02-07,AZO
3.7623622308737397,3.7400477406883357,3.697095608885277,3.7130841428107537,3.700066643504501,-1,2018-02-14,2018-02-07,MYL
4.268437915561019,4.241038941372905,4.194189897191817,4.225811324964407,4.234251421632511,-1,2018-02-14,2018-02-07,STI
4.182202802743785,4.15997623565093,4.063197833225264,4.04795152265239,4.052480358123402,-1,2018-02-14,2018-02-07,WFC
4.188593573125209,4.178532512647126,4.1596640283427435,4.181133692294492,4.191320021345486,-1,2018-02-14,2018-02-07,KORS
3.4048573424936426,3.371081757757532,3.277899165317662,3.2300135692786567,3.2228678461377385,-1,2018-02-14,2018-02-07,ARNC
4.02535169073515,4.021236090401462,4.001680877358681,4.018363041199472,3.9974664872456134,-1,2018-02-14,2018-02-07,SBUX
4.993963759808284,4.9499648378961085,4.915151765934639,4.941856685367686,4.939067682236836,-1,2018-02-14,2018-02-07,MAR
5.089076720402819,5.05936196418649,5.017809497844256,5.05248076468615,5.039157961029457,-1,2018-02-14,2018-02-07,CAT
4.101651137404539,4.073971772414164,4.029806041084529,4.045854353061666,4.04375277610604,-1,2018-02-14,2018-02-07,FLR
4.2310583855379225,4.223030903183424,4.1734637666747,4.1675950239616935,4.168214410788556,-1,2018-02-14,2018-02-07,RSG
4.916764078486185,4.902678819257608,4.871603085400698,4.761660982747524,4.741142347511306,-1,2018-02-14,2018-02-07,CBOE
5.351146980192569,5.331752142634274,5.290083561620933,5.30395146516513,5.319687392284229,-1,2018-02-14,2018-02-07,RTN
3.9970991777832654,3.94681083091381,3.9049983904911816,3.8852682681193262,3.902982260775997,-1,2018-02-14,2018-02-07,STX
3.79974976294536,3.757005283161537,3.7118632905043114,3.7164946211469094,3.677565694213663,-1,2018-02-14,2018-02-07,APA
4.651290121601645,4.6207482159514095,4.574710978503383,4.589447225522855,4.5861912193902885,-1,2018-02-14,2018-02-07,COF
4.38974675768902,4.380650688493951,4.364753306003425,4.373994462976618,4.387884444158042,-1,2018-02-14,2018-02-07,VFC
3.802431328798052,3.7950396499423267,3.775744987135518,3.7549012496559335,3.74856245627511,-1,2018-02-14,2018-02-07,XEL
4.268857936568244,4.217741440366026,4.184337600748806,4.208863015664693,4.210199814972569,-1,2018-02-14,2018-02-07,TSCO
4.297285406218791,4.261129379866926,4.2171519914836475,4.27513717299578,4.257030144499196,-1,2018-02-14,2018-02-07,DWDP
5.583984911200605,5.559488611958904,5.537767244136556,5.556866670992799,5.5602584645701585,-1,2018-02-14,2018-02-07,GWW
5.496881298887856,5.477216406540661,5.440033919166517,5.458861848105724,5.474117706351726,-1,2018-02-14,2018-02-07,ANTM
3.8965031937701093,3.8680711178989635,3.842458542042237,3.8766030601968855,3.8979240810486444,-1,2018-02-14,2018-02-07,JWN
4.193888192558362,4.208268308540415,4.158257887965753,4.167440117292651,4.165424143903053,-1,2018-02-14,2018-02-07,WRK
3.065724645374026,3.0440461338325417,3.0373539482448106,3.0740812399649675,3.08922261664133,-1,2018-02-14,2018-02-07,HBI
4.710880640410205,4.668332760945732,4.617098756853365,4.656148430752721,4.631422557132157,-1,2018-02-14,2018-02-07,KLAC
4.761062205945065,4.738651577362572,4.689511334421843,4.719480532165502,4.726236713967535,-1,2018-02-14,2018-02-07,JPM
5.633967837040506,5.6222108209623896,5.587623120115915,5.5951573767845835,5.579352396278024,-1,2018-02-14,2018-02-07,HUM
3.1851121947153915,3.126760535960395,3.0777729838902004,3.12060125559986,3.08876713952118,-1,2018-02-14,2018-02-07,DISCK
5.295212551594558,5.2762762356711566,5.248444116052309,5.270277909516791,5.259264639284336,-1,2018-02-14,2018-02-07,ADBE
4.0069694827371,3.9917579734469997,3.9444901955656477,3.9611940494345954,3.98935434836447,-1,2018-02-14,2018-02-07,ZION
5.109877128745905,5.096323573956561,5.06037738599107,5.080596585402216,5.0832039869290915,-1,2018-02-14,2018-02-07,INTU
4.6819460247901405,4.679442430362679,4.647558952479878,4.6491870714048655,4.646024179996357,-1,2018-02-14,2018-02-07,DLR
4.13804241748782,4.133725518945951,4.107425301760631,4.132121926556131,4.1444037620948375,-1,2018-02-14,2018-02-07,GRMN
4.803118998667745,4.795790545596741,4.780634955318833,4.781557503293855,4.790902585904128,-1,2018-02-14,2018-02-07,MON
1.2412685890696329,1.2029723039923526,1.128171090909654,1.1410330045520618,1.0612565021243408,-1,2018-02-14,2018-02-07,CHK
4.589244035437832,4.59784341060163,4.575844356606263,4.595321849933277,4.59491780952374,-1,2018-02-14,2018-02-07,EMN
5.070538086829298,5.040388252245603,5.020189506901067,5.00428182012408,4.997887721273753,-1,2018-02-14,2018-02-07,CXO
3.8792931808052273,3.861992071822581,3.8262472284067424,3.832979798087693,3.8342776568032932,-1,2018-02-14,2018-02-07,MET
3.43043250693049,3.374168709274236,3.3311325072138684,3.338257581888281,3.298795448044074,-1,2018-02-14,2018-02-07,NBL
4.783400049878789,4.75763372911456,4.730039168033961,4.724818148253987,4.717694976829936,-1,2018-02-14,2018-02-07,UPS
4.2017030805426,4.190714786041794,4.122770036405805,4.165113633110308,4.175002465239555,-1,2018-02-14,2018-02-07,QCOM
3.4487168976301317,3.4242626545931514,3.3792925462741055,3.4065165431397553,3.398192872641857,-1,2018-02-14,2018-02-07,PHM
5.475584504594719,5.461625984160061,5.429784129290343,5.482221004524643,5.469662232628359,-1,2018-02-14,2018-02-07,AVGO
4.627322990629224,4.602065371034612,4.56320170116559,4.5921862584297966,4.589040804058207,-1,2018-02-14,2018-02-07,HCA
4.160132302760104,4.1675950239616935,4.138999202762532,4.146146060785364,4.162470391269701,-1,2018-02-14,2018-02-07,ALK
4.011144096295953,4.005331182561798,3.9917579734469997,3.970291913552122,3.9738704087542263,-1,2018-02-14,2018-02-07,AEE
5.438687819395312,5.436382217503932,5.418009689466041,5.490259166718982,5.508173023535311,-1,2018-02-14,2018-02-07,RE
4.167749906638376,4.152770690690713,4.123579687490436,4.125035409542898,4.129228964075603,-1,2018-02-14,2018-02-07,EXPD
7.237059026124737,7.265394757607697,7.237059026124737,7.274368672515337,7.256141970050524,-1,2018-02-14,2018-02-07,AMZN
4.600057136601269,4.5940081212819,4.5652852522891765,4.563722996073918,4.565181177771728,-1,2018-02-14,2018-02-07,DXC
3.7492687541267204,3.709172157381699,3.673765816303888,3.7814586354070294,3.7379076851812907,-1,2018-02-14,2018-02-07,MU
4.3212144952771245,4.308783672906164,4.273884476054178,4.297693486208131,4.290048397777529,-1,2018-02-14,2018-02-07,HSIC
5.074110750380562,5.043747645546458,5.01276635510521,5.04542311958192,5.010701958540799,-1,2018-02-14,2018-02-07,PX
3.792788917504448,3.7880458256084353,3.777805663308338,3.772531026609547,3.769075996108213,-1,2018-02-14,2018-02-07,SO
3.8207845249938748,3.807772984054347,3.7716108517114013,3.819469023817538,3.8238473145244205,-1,2018-02-14,2018-02-07,LEG
4.116921116401006,4.079400114836278,4.040416220196545,4.0516110196351995,4.07278038430626,-1,2018-02-14,2018-02-07,APC
3.2947251371516386,3.2876553402630266,3.242982900211434,3.239462458476589,3.2335673736111907,-1,2018-02-14,2018-02-07,DRE
4.201553368737545,4.16883341421284,4.120012308970678,4.132282401562493,4.138680376042152,-1,2018-02-14,2018-02-07,AOS
4.291828366755733,4.266054458421461,4.21980177957905,4.252771798816619,4.26633516017769,-1,2018-02-14,2018-02-07,BBY
2.5416019934645457,2.5185025992165158,2.4740142086215764,2.489064659936664,2.4973291697865574,-1,2018-02-14,2018-02-07,UA
4.24592050167689,4.1728476237100445,4.142817215672879,4.161379963558259,4.14946386144318,-1,2018-02-14,2018-02-07,FBHS
4.23091300500412,4.204692619390966,4.16883341421284,4.174541104216377,4.175617282350837,-1,2018-02-14,2018-02-07,BF.B
5.513186781410001,5.501951847474021,5.44432066066788,5.453738667365866,5.451853571910238,-1,2018-02-14,2018-02-07,MMM
4.790985632036302,4.775503503469979,4.736812295039806,4.726945242914012,4.732331331604771,-1,2018-02-14,2018-02-07,ADP
3.8960968548778867,3.8790865051818813,3.8205653949393112,3.8636727444870993,3.8714093225428488,-1,2018-02-14,2018-02-07,FL
3.7857792788538958,3.758871825933971,3.720378121173307,3.745732265706719,3.7539647007698704,-1,2018-02-14,2018-02-07,MAS
4.608564419056107,4.603168183317418,4.54052499249456,4.566948973167894,4.555559685434757,-1,2018-02-14,2018-02-07,CELG
4.327570448877823,4.310664888188185,4.2936051730729785,4.306629370201435,4.295651418927136,-1,2018-02-14,2018-02-07,TSN
4.4756308146331065,4.460491174618648,4.403665809777363,4.404277243608702,4.403421131528038,-1,2018-02-14,2018-02-07,WM
5.3908965478411295,5.391215548914767,5.361245216250509,5.387197829041911,5.384770254278235,-1,2018-02-14,2018-02-07,ULTA
3.2433732964685884,3.2144661163795005,3.1557230098629323,3.184698373066614,3.2092294478163956,-1,2018-02-14,2018-02-07,M
3.9755610262321337,3.9648051908671156,3.920586236088634,3.9247417778359206,3.923556241241819,-1,2018-02-14,2018-02-07,UNM
2.7738379416402132,2.7498317351171653,2.702032128776647,2.725890119230541,2.7245795030534206,-1,2018-02-14,2018-02-07,GE
5.100536934691537,5.099622495636137,5.069029980473338,5.076735095800779,5.0643656165172235,-1,2018-02-14,2018-02-07,AVB
3.528710701961115,3.5160130560907366,3.480932349681009,3.488597571942989,3.488597571942989,-1,2018-02-14,2018-02-07,HRL
3.9634762870170617,3.9390543444791764,3.88936831486334,3.901972669574645,3.914819092730147,-1,2018-02-14,2018-02-07,SIG
5.206695377000724,5.182120572145525,5.146796558906795,5.157962748575389,5.144699877882437,-1,2018-02-14,2018-02-07,WHR
4.4526015873434845,4.433788569232471,4.395189621200163,4.411342689007935,4.404766121643371,-1,2018-02-14,2018-02-07,PG
5.0993785039306445,5.085495364305698,5.059425458265688,5.0651234793803255,5.058663263106837,-1,2018-02-14,2018-02-07,WLTW
4.122932019074013,4.120661870539474,4.10280864063423,4.100326633899648,4.089164502180559,-1,2018-02-14,2018-02-07,EIX
5.63924395351863,5.653190688540141,5.586311890181863,5.593930405576017,5.584210339515356,-1,2018-02-14,2018-02-07,ROP
4.510419849442281,4.504244267398131,4.464642950851115,4.477791256658261,4.471867338673671,-1,2018-02-14,2018-02-07,PRGO
3.029650491757452,3.0096351787229825,2.972463646614637,2.9861868607104594,2.9699015135194693,-1,2018-02-14,2018-02-07,WU
4.23685634351072,4.227855121296273,4.193737306100135,4.180522258463153,4.191320021345486,-1,2018-02-14,2018-02-07,AJG
4.206928922969246,4.184794465144173,4.14946386144318,4.158101528024852,4.1799104505517475,-1,2018-02-14,2018-02-07,UAL
4.693181063310805,4.658805735154001,4.655387902148709,4.6778628713815325,4.669364898030088,-1,2018-02-14,2018-02-07,ALB
4.942356453342962,4.923987487370583,4.868380246515384,4.873287102945032,4.861129366243924,-1,2018-02-14,2018-02-07,FISV
4.76745908903181,4.75022245768723,4.718320283920748,4.735847509629708,4.737338149565509,-1,2018-02-14,2018-02-07,PPG
4.44323931884187,4.4389975309335075,4.413040688203051,4.409641801706855,4.408668565620303,-1,2018-02-14,2018-02-07,MMC
4.33204826486764,4.2983732496766285,4.261411467315905,4.265773677849632,4.246636372564359,-1,2018-02-14,2018-02-07,OXY
6.054251535206747,6.03299029393648,5.988986479232442,6.0120756710120915,5.99028885625426,-1,2018-02-14,2018-02-07,ISRG
2.8419981736119486,2.8183982582710754,2.7788192719904172,2.803360380906535,2.791165107812717,-1,2018-02-14,2018-02-07,NWS
4.943996791763045,4.874510064192008,4.844187086458591,4.872368899498472,4.850623024222136,-1,2018-02-14,2018-02-07,CLX
7.074616268080478,7.020369423351272,6.9682763660272675,6.98880978231008,6.961684596007218,-1,2018-02-14,2018-02-07,GOOGL
5.294259143087182,5.267961246533138,5.217974613865498,5.239469290738831,5.240582315896798,-1,2018-02-14,2018-02-07,ROK
3.863882630100211,3.8318969609488613,3.795938526407344,3.8046604870996465,3.8110970868381857,-1,2018-02-14,2018-02-07,INTC
3.78781940196884,3.7723010622530087,3.7549012496559335,3.741471904233107,3.741471904233107,-1,2018-02-14,2018-02-07,CMS
3.8852682681193262,3.8607297110405954,3.8372994592322094,3.884034968887977,3.881151341761059,-1,2018-02-14,2018-02-07,HOG
4.791815714262101,4.764990477435532,4.707636517532581,4.709440107163888,4.711060561245524,-1,2018-02-14,2018-02-07,PRU
3.8245024078986507,3.786686514116848,3.7324177561284198,3.750209709265542,3.750444809772091,-1,2018-02-14,2018-02-07,CBG
4.14059181338742,4.0946778400122215,4.055257173514054,4.101651137404539,4.109397364848393,-1,2018-02-14,2018-02-07,LEN
5.068338004224545,5.069595786919765,5.036692828415545,5.06037738599107,5.074736219502779,-1,2018-02-14,2018-02-07,CME
3.6978391954854084,3.662792119350618,3.632309102625542,3.627801604605346,3.6117283949255214,-1,2018-02-14,2018-02-07,NEM
4.885676574690777,4.862599215268851,4.821409960985506,4.876341706312883,4.859502278758319,-1,2018-02-14,2018-02-07,UNP
2.937043277205311,2.89314568477889,2.8495497633759097,2.8581928595319295,2.8610573702273894,-1,2018-02-14,2018-02-07,COTY
3.5843519247600018,3.559909072816976,3.501645852958961,3.5148236417370144,3.510350695558678,-1,2018-02-14,2018-02-07,IVZ
4.671425981765156,4.658805735154001,4.612542940317504,4.635214307336468,4.635505385784164,-1,2018-02-14,2018-02-07,TIF
5.122653597418148,5.07829394257007,5.05299211017508,5.093934232951563,5.0722946744829835,-1,2018-02-14,2018-02-07,AAPL
2.7936160894318567,2.77757626375082,2.7363136663750693,2.7427736371605955,2.7498317351171653,-1,2018-02-14,2018-02-07,HBAN
4.726236713967535,4.7018430732483525,4.655673168161198,4.675815025557423,4.673762977453703,-1,2018-02-14,2018-02-07,KSU
5.113612973052288,5.070224085507913,5.026443024301769,5.027295734989363,5.029326192539745,-1,2018-02-14,2018-02-07,MCK
4.406719247264253,4.370459998302416,4.3425058765115985,4.360930671379148,4.356580613342406,-1,2018-02-14,2018-02-07,ROST
4.050915004294764,4.016022595446631,3.96176509732296,3.9950765605634317,3.9991177122790798,-1,2018-02-14,2018-02-07,MS
3.455685566946225,3.4242626545931514,3.383712067321136,3.40684805317097,3.4011973816621555,-1,2018-02-14,2018-02-07,WMB
4.2296036282257905,4.210793374865347,4.167904765330129,4.184946706904381,4.175770927584296,-1,2018-02-14,2018-02-07,MPC
3.1484533605716547,3.1126260250254902,3.058237478905388,3.064791809485486,3.0544727685765913,-1,2018-02-14,2018-02-07,HPQ
5.097241033270434,5.066448358915468,5.019330712463479,5.062215214069435,5.062468442736273,-1,2018-02-14,2018-02-07,MCO
5.297817241506355,5.2677035079302,5.210087065153623,5.2524828302042375,5.253790601164562,-1,2018-02-14,2018-02-07,HD
3.4849255971928677,3.4691675081014224,3.4531571205928664,3.43043250693049,3.4278393126085764,-1,2018-02-14,2018-02-07,FE
3.6333667441836774,3.6301904577652566,3.6087534096346516,3.596490004820589,3.5876769486047735,-1,2018-02-14,2018-02-07,EXC
3.574029612434994,3.56161410306806,3.5172010574184616,3.5360196074696004,3.521938999358284,-1,2018-02-14,2018-02-07,PDCO
5.069847153728102,5.062405141581006,5.01276635510521,5.0388339484549345,5.043425116919247,-1,2018-02-14,2018-02-07,PNC
5.412003130951853,5.381232866875345,5.342812606434588,5.349295611312666,5.388386563636904,-1,2018-02-14,2018-02-07,MLM
5.204006687076795,5.178012403504388,5.114154114874711,5.192734603972972,5.2077907273484785,-1,2018-02-14,2018-02-07,SPGI
3.9945242269398897,3.9699144838439238,3.9219733362813143,3.928486731458811,3.932021691934835,-1,2018-02-14,2018-02-07,VZ
4.051784947803305,4.031227252906622,3.995996439204325,4.01620282433781,4.01349597435878,-1,2018-02-14,2018-02-07,BK
3.441379171294987,3.440097530619712,3.4111477125153233,3.4035279970004377,3.410157123033627,-1,2018-02-14,2018-02-07,PPL
3.2910104226273997,3.2596338173403683,3.2100368762009963,3.221671912170202,3.228826155721369,-1,2018-02-14,2018-02-07,MOS
4.383275854074314,4.362716386139382,4.331522502500114,4.330601752681694,4.333361462692601,-1,2018-02-14,2018-02-07,TJX
3.684118137012226,3.677059877308594,3.624874124138024,3.627535823872884,3.6270040503958487,-1,2018-02-14,2018-02-07,JCI
4.742320024135325,4.72304210658298,4.6888677450096585,4.695102293488699,4.692356547667007,-1,2018-02-14,2018-02-07,VRSN
4.3990066547085656,4.386267628931136,4.349890764643811,4.353112624509239,4.347305781945493,-1,2018-02-14,2018-02-07,NDAQ
3.488902962081261,3.4541060373175574,3.4461707473048864,3.4291367503513968,3.4397768636296306,-1,2018-02-14,2018-02-07,XRX
3.080532875246456,3.058237478905388,3.033509637888021,3.043569602968151,3.0587070727153796,-1,2018-02-14,2018-02-07,IPG
4.073631520624559,4.060615409477973,4.017823424314358,4.009694032601592,4.022848560517031,-1,2018-02-14,2018-02-07,HIG
3.9811758641164627,3.974809993526911,3.9502817175452365,3.9678360702473587,3.977810745966149,-1,2018-02-14,2018-02-07,PGR
3.263849190510932,3.2371085931292605,3.19744787745458,3.2256528091472245,3.2480462021679806,-1,2018-02-14,2018-02-07,HRB
3.507057772361633,3.486763269991802,3.4604092412940015,3.4701013603093664,3.4170707308184456,-1,2018-02-14,2018-02-07,FTI
4.990840666768076,4.978249833952101,4.956108708074887,4.942855971674966,4.941642422609304,-1,2018-02-14,2018-02-07,AMT
3.6653549090669792,3.66791114767774,3.622739651609391,3.627535823872884,3.6016862424115588,-1,2018-02-14,2018-02-07,SCG
4.106437809909484,4.095344062555184,4.06971028126374,4.0683427596831,4.065602093356446,-1,2018-02-14,2018-02-07,XRAY
3.85354607566917,3.845669504878125,3.8006444174447567,3.76861442213279,3.8088822465086327,-1,2018-02-14,2018-02-07,DISH
5.751683354640749,5.741848675462657,5.7047819749892845,5.718112638964356,5.606573827235426,-1,2018-02-14,2018-02-07,CMG
3.751149779840061,3.7242465979512276,3.696351468952637,3.685373314784649,3.675794214565281,-1,2018-02-14,2018-02-07,PCG
4.422928625994308,4.391605609454205,4.325191697921343,4.3703335360828355,4.3578620076745835,-1,2018-02-14,2018-02-07,QRVO
3.6676558176623097,3.639426570394406,3.6008675767907232,3.606312730456974,3.6090242288644716,-1,2018-02-14,2018-02-07,T
4.129711706059392,4.0980045230535875,4.039712366569035,4.06285389513073,4.054043265448575,-1,2018-02-14,2018-02-07,NTAP
4.382276603429089,4.357733942104837,4.314550469548967,4.330733340286331,4.327702435943282,-1,2018-02-14,2018-02-07,PKI
4.288127958229824,4.26619481914876,4.2227377769905,4.226103551734458,4.22038966907276,-1,2018-02-14,2018-02-07,A
3.708682081410116,3.702535780561422,3.6805952345262387,3.6793340412704048,3.6689318163042404,-1,2018-02-14,2018-02-07,AIV
3.0238337036648657,3.001217203784561,2.962692419475791,2.966303462863179,2.9678470700644555,-1,2018-02-14,2018-02-07,HST
3.544431549748063,3.536602018668358,3.5729072778615154,3.7096619932964647,3.714790835898437,-1,2018-02-14,2018-02-07,TRIP
5.116735536089082,5.092768123634778,5.051969157589233,5.076547870786971,5.063923264460972,-1,2018-02-14,2018-02-07,APD
4.366786085257597,4.336636932375072,4.294833422971505,4.30433532695801,4.308783672906164,-1,2018-02-14,2018-02-07,CVS
4.8365199738494,4.788491243115129,4.759006530702958,4.786824853794342,4.786074071694426,-1,2018-02-14,2018-02-07,SJM
4.607766811835357,4.593401202388092,4.552718325985667,4.553982149218658,4.550608397995409,-1,2018-02-14,2018-02-07,VRSK
3.2744997286161976,3.2653776585196206,3.22525543183224,3.23907053215372,3.233173129569025,-1,2018-02-14,2018-02-07,NRG
4.550608397995409,4.534640419797564,4.497250843768597,4.504907764049697,4.498030310430188,-1,2018-02-14,2018-02-07,VLO
4.091674333666222,4.078553876315777,4.03706849440237,4.044804116661965,4.058890081237698,-1,2018-02-14,2018-02-07,TXT
4.475744638547633,4.443709519861466,4.401584133889412,4.414977734813568,4.402074329977659,-1,2018-02-14,2018-02-07,ETN
4.473351611367243,4.445588116163626,4.399989335048054,4.433788569232471,4.427358444671965,-1,2018-02-14,2018-02-07,WDC
4.578415448679272,4.546799272661762,4.497473610532717,4.515464272903598,4.511408806173617,-1,2018-02-14,2018-02-07,RJF
4.1217975890034015,4.129872568281246,4.084967400409504,4.087152091640596,4.081765780015241,-1,2018-02-14,2018-02-07,IP
2.9139797716817317,2.8633430855082453,2.8201877010390604,2.8466520505398383,2.7930039069823738,-1,2018-02-14,2018-02-07,MRO
4.175770927584296,4.150567353318379,4.113166316462689,4.139158578011894,4.1418640781900775,-1,2018-02-14,2018-02-07,KSS
5.916687120150159,5.959715848793402,5.920424939628051,5.912827101590909,5.895916839096066,-1,2018-02-14,2018-02-07,CHTR
3.6509179478268177,3.6240742307478206,3.585738695194423,3.607126952241677,3.6259396543400624,-1,2018-02-14,2018-02-07,NLSN
6.0213388335597315,5.9992590905738945,5.974394682412387,6.003887067106539,6.000126920186634,-1,2018-02-14,2018-02-07,SHW
2.972463646614637,2.9575110607337933,2.9156062290747062,2.9269179575536315,2.942331496826876,-1,2018-02-14,2018-02-07,RF
4.295242504588991,4.268577942166303,4.21921354426797,4.244200317766478,4.240751047315928,-1,2018-02-14,2018-02-07,ATVI
4.77144704561319,4.754882459216418,4.724906867590425,4.744149213269543,4.763455164953805,-1,2018-02-14,2018-02-07,ALXN
4.6430438384161725,4.620058798481842,4.580672554387691,4.607367769531579,4.604369865817322,-1,2018-02-14,2018-02-07,LOW
3.7478556592142334,3.713572066704308,3.6773128177424708,3.7343307170178535,3.746912485364546,-1,2018-02-14,2018-02-07,GM
5.4869522853985835,5.468524168478886,5.415300082033651,5.427238146614876,5.402316956566521,-1,2018-02-14,2018-02-07,BDX
4.657193214055243,4.6368626327205815,4.590766955677347,4.603468739348334,4.604369865817322,-1,2018-02-14,2018-02-07,DOV
4.642176911617187,4.63443768366866,4.606868742623673,4.6179876896987055,4.595523808936286,-1,2018-02-14,2018-02-07,HSY
4.575020209037208,4.553455750301413,4.507777839979442,4.5301233116651805,4.5388166854380705,-1,2018-02-14,2018-02-07,CMA
4.830072190317164,4.821248839580179,4.786491242448462,4.775250456359692,4.778787302151899,-1,2018-02-14,2018-02-07,ARE
3.986759351542163,3.9531649487593215,3.907211448430924,3.935348830731643,3.9396381724611196,-1,2018-02-14,2018-02-07,AAL
4.6016640466588035,4.574401652316455,4.536141599577656,4.554403068934438,4.528181144459956,-1,2018-02-14,2018-02-07,RMD
4.8328633720008725,4.775587838279222,4.724019319826472,4.7637112141166424,4.747450693244862,-1,2018-02-14,2018-02-07,CVX
2.731766727719526,2.6993457604720636,2.6851226964585053,2.6858045921548905,2.67552700939665,-1,2018-02-14,2018-02-07,KIM
3.732657076459824,3.7118632905043114,3.6752875005944694,3.7020424406402173,3.6975913947159578,-1,2018-02-14,2018-02-07,LKQ
4.860664754186628,4.841348415572757,4.828713657323628,4.846389384029531,4.862367277427153,-1,2018-02-14,2018-02-07,EXPE
4.768563732896527,4.7496167903531195,4.723130983621656,4.720461230322826,4.7125885827553615,-1,2018-02-14,2018-02-07,FRT
4.5306621338130295,4.513602992462601,4.481985085417713,4.4836802884003815,4.480513581388536,-1,2018-02-14,2018-02-07,APH
5.265122461690396,5.250386832790487,5.204006687076795,5.230680717832225,5.211178708731273,-1,2018-02-14,2018-02-07,PH
5.569793834652884,5.531965550507332,5.5073214247085245,5.54087131138207,5.529746497449019,-1,2018-02-14,2018-02-07,ORLY
4.03229183781909,3.9976500913955832,3.9579519373165457,3.9919426286040194,4.007333185232471,-1,2018-02-14,2018-02-07,BWA
5.104611250887444,5.0891383555842,5.039546637590676,5.037861280349847,5.034807446067241,-1,2018-02-14,2018-02-07,SYK
4.058371901763283,4.024458434757935,3.9891692146047997,4.021415382199343,4.000949214622548,-1,2018-02-14,2018-02-07,GIS
4.283448621312786,4.257596556295705,4.204244757921959,4.233961566558017,4.204244757921959,-1,2018-02-14,2018-02-07,XLNX
3.8258113086090804,3.817712325956905,3.7828250669564643,3.796612153916818,3.7853253523821886,-1,2018-02-14,2018-02-07,MDLZ
5.229235205360593,5.185932235953246,5.14644741720991,5.158767901597951,5.171619713502079,-1,2018-02-14,2018-02-07,PXD
4.224202549480315,4.181286492355909,4.160912273160771,4.176845783733844,4.162158961805957,-1,2018-02-14,2018-02-07,K
4.6260506635674465,4.61323755706585,4.576770711466393,4.561427263040173,4.572337028892851,-1,2018-02-14,2018-02-07,FIS
5.878799641450515,5.865504419979778,5.8184792712910145,5.821832141430015,5.84479001776017,-1,2018-02-14,2018-02-07,LMT
5.13867664397714,5.115355604866659,5.108850341593211,5.095098984041097,5.177956009876853,-1,2018-02-14,2018-02-07,WYNN
4.051089053551143,4.041295341132285,4.000400116045559,4.000400116045559,4.00369019395397,-1,2018-02-14,2018-02-07,USB
4.090001812787964,4.056123349401903,4.017463517886143,4.0328237055738505,4.035655565873421,-1,2018-02-14,2018-02-07,OKE
4.307437777682809,4.295651418927136,4.258728418329388,4.267036570040212,4.288265254859407,-1,2018-02-14,2018-02-07,SRCL
5.184812665751216,5.1504552058056525,5.10594547390058,5.1259263384309905,5.138089927227147,-1,2018-02-14,2018-02-07,AGN
5.142131283358708,5.120983351265121,5.077608349349287,5.078667704488082,5.075861079013963,-1,2018-02-14,2018-02-07,AMP
3.2969473602883563,3.26918863874179,3.209633243501268,3.208017081533325,3.219275744889528,-1,2018-02-14,2018-02-07,LUK
4.596331237320887,4.64314011723972,4.615714399863762,4.632396172241683,4.631130287657623,-1,2018-02-14,2018-02-07,MSI
4.136765278106052,4.127295662361787,4.113656873254474,4.0975062255596795,4.0920085024245525,-1,2018-02-14,2018-02-07,WEC
3.6111881463980646,3.6033215657522897,3.5874002851640823,3.6054978451748854,3.585184217775171,-1,2018-02-14,2018-02-07,FOXA
4.496359280129911,4.4880744141118445,4.456786180221833,4.4499189007168,4.449685283147696,-1,2018-02-14,2018-02-07,AFL
4.790487251761845,4.76754410497235,4.734530391293799,4.738301498591274,4.743017252680216,-1,2018-02-14,2018-02-07,AVY
4.2487809155265195,4.206482062158951,4.1455128487965,4.161068194265009,4.189806245700679,-1,2018-02-14,2018-02-07,JEC
4.278885875754368,4.266054458421461,4.22361689792624,4.226541731833486,4.229021132213981,-1,2018-02-14,2018-02-07,PNR
4.537212492804865,4.523851664810503,4.489422577443778,4.489983776178974,4.472780997942346,-1,2018-02-14,2018-02-07,CTXS
3.881357591117261,3.835789699428557,3.8590440806372595,3.8684890034044175,3.85798911693566,-1,2018-02-14,2018-02-07,CHD
4.09982949245267,4.093510881473524,4.061304708143901,4.055430468722875,4.040592106222854,-1,2018-02-14,2018-02-07,EQR
4.355554314342767,4.347046915777855,4.302712827954156,4.31361395198771,4.306224921257599,-1,2018-02-14,2018-02-07,AME
3.492864570187979,3.4685444551217657,3.4196919642983197,3.4707234443107655,3.4849255971928677,-1,2018-02-14,2018-02-07,GPS
5.6066472972229695,5.560835465336268,5.517894565982638,5.5556690891919835,5.549465114271844,-1,2018-02-14,2018-02-07,GS
5.2521687105220565,5.248654321528936,5.220247711126114,5.2225156531317545,5.222245929596741,-1,2018-02-14,2018-02-07,PSA
5.052033122792184,5.049343055199305,5.0388339484549345,5.007697650108913,4.997820197049412,-1,2018-02-14,2018-02-07,NEE
3.481240089335692,3.4641721808235437,3.40982670836021,3.4404180948154366,3.4420193761824107,-1,2018-02-14,2018-02-07,BAC
3.544431549748063,3.51631018876266,3.4882920885130893,3.4998353515591547,3.5019472847622986,-1,2018-02-14,2018-02-07,IRM
4.546056921495585,4.519394408966687,4.477336814478207,4.514479320703588,4.495466920896128,-1,2018-02-14,2018-02-07,MSFT
5.116615617633488,5.098890341851143,5.063543949751658,5.085247900805301,5.073547493489243,-1,2018-02-14,2018-02-07,SWK
2.6354795082673745,2.613739521630969,2.558776498354456,2.5726122302071057,2.5847519847577165,-1,2018-02-14,2018-02-07,UAA
3.7428940424201746,3.6896291730044823,3.654546775033431,3.647536490579554,3.6044102974874863,-1,2018-02-14,2018-02-07,DVN
3.9441028988915576,3.914619631275412,3.873074255289571,3.899950424193877,3.8891637112820634,-1,2018-02-14,2018-02-07,ORCL
4.341725337900356,4.33768282082183,4.328230210068212,4.310664888188185,4.309455941839047,-1,2018-02-14,2018-02-07,DUK
4.005695481290781,3.9766865187538682,3.937495801401177,3.967646909176143,3.9518204753022124,-1,2018-02-14,2018-02-07,SCHW
4.6137334166485795,4.574814065973192,4.5560849782976,4.573473099244837,4.560277417097355,-1,2018-02-14,2018-02-07,PSX
3.4081729953985804,3.3789517727148355,3.3488509012899463,3.3697067145707846,3.3638415951183864,-1,2018-02-14,2018-02-07,KR
3.0878555624297968,3.080073421987742,3.0257763949023677,3.044998514856909,3.0506938316279655,-1,2018-02-14,2018-02-07,KEY
4.515026636135126,4.501585869731521,4.473009282385752,4.471067201464611,4.4526015873434845,-1,2018-02-14,2018-02-07,SNPS
4.139955073474153,4.150724895658208,4.110217911378391,4.109233174715851,4.137244396537321,-1,2018-02-14,2018-02-07,BMY
3.976311495310508,3.9495114498391377,3.8973153765558717,3.9047969603364066,3.863882630100211,-1,2018-02-14,2018-02-07,EQT
4.846703602413892,4.8271931096335985,4.784320051616411,4.775587838279222,4.761489940243045,-1,2018-02-14,2018-02-07,VAR
4.411706788775292,4.396668911410751,4.350148895775859,4.356580613342406,4.340162430575183,-1,2018-02-14,2018-02-07,LLY
5.223378279883543,5.231162091360629,5.163356381113919,5.174170373805154,5.178801580546473,-1,2018-02-14,2018-02-07,AMGN
5.5434963447228585,5.550553592065519,5.490589254195159,5.486662412319551,5.456730378290316,-1,2018-02-14,2018-02-07,ALGN
4.636765747577842,4.626833825624118,4.601864728979365,4.605770006060059,4.59784341060163,-1,2018-02-14,2018-02-07,GPC
3.5028510353886553,3.472587377748828,3.4384931664058525,3.4420193761824107,3.418054498728578,-1,2018-02-14,2018-02-07,VIAB
5.495568585896296,5.486123853572561,5.442374419541463,5.434943964079862,5.4401207021224,-1,2018-02-14,2018-02-07,COO
4.976940617572159,4.970715670095012,4.9139775400548205,4.939711989092356,4.951522029603749,-1,2018-02-14,2018-02-07,FFIV
3.6224725219163374,3.574870537502069,3.521938999358284,3.566429294357372,3.527830032595521,-1,2018-02-14,2018-02-07,NOV
4.704925019125084,4.688591794127164,4.651099117876491,4.665041583025482,4.651672019639511,-1,2018-02-14,2018-02-07,DIS
4.453300236649965,4.419322419417578,4.3578620076745835,4.36398994718773,4.363226005210164,-1,2018-02-14,2018-02-07,LNC
4.769836807543325,4.755398899234782,4.717426868333759,4.737425765108562,4.721708002236043,-1,2018-02-14,2018-02-07,KMB
4.076350298849822,4.014579593753238,3.9904644317347087,3.9854593235013285,3.97855952922839,-1,2018-02-14,2018-02-07,CBS
4.154498485041848,4.156223299267966,4.114310574862978,4.106602459617603,4.095011006765261,-1,2018-02-14,2018-02-07,PLD
4.642273273939594,4.626735963902652,4.592287560157078,4.596532992592428,4.601262561157074,-1,2018-02-14,2018-02-07,TEL
5.482720089545816,5.453267726545859,5.364573162325102,5.418674863211771,5.432848259505643,-1,2018-02-14,2018-02-07,NVDA
3.74856245627511,3.7240052560893107,3.703768066607687,3.7376696182833684,3.7421832261362473,-1,2018-02-14,2018-02-07,ADM
5.396759001860069,5.374769018708368,5.351858133476067,5.37662009980521,5.36667670406138,-1,2018-02-14,2018-02-07,STZ
3.859676525055937,3.844386356712335,3.804215052793841,3.7993021353640275,3.7968365956190286,-1,2018-02-14,2018-02-07,KO
2.6340447877917144,2.60638654732571,2.5726122302071057,2.6239436918052106,2.574137783515943,-1,2018-02-14,2018-02-07,RRC
4.289774274968795,4.250065437218876,4.223763342972998,4.2296036282257905,4.211683054639334,-1,2018-02-14,2018-02-07,HP
4.44464925915299,4.404888303817144,4.370839289033305,4.383400690227026,4.3815265096322,-1,2018-02-14,2018-02-07,ALLE
3.467609147181407,3.4131259525274293,3.3813347525659037,3.389124800427886,3.3509561652254085,-1,2018-02-14,2018-02-07,NFX
4.260000233663683,4.230476736546681,4.171614197713401,4.179298268102264,4.180522258463153,-1,2018-02-14,2018-02-07,KMX
4.756516938482616,4.746409297680816,4.696015869287668,4.711330381816482,4.732859547128981,-1,2018-02-14,2018-02-07,ABBV
5.096201182425903,5.07698467463779,5.049984204160167,5.056882545261575,5.04361864657827,-1,2018-02-14,2018-02-07,ANSS
4.350277936359301,4.327042326341122,4.294424173937759,4.302712827954156,4.337552144572052,-1,2018-02-14,2018-02-07,CTSH
5.07804469032551,5.055608659738987,5.022761473894096,5.041423114248573,5.044392390894389,-1,2018-02-14,2018-02-07,ACN
4.314817884980432,4.303794786404308,4.269697449699962,4.28040910529489,4.258728418329388,-1,2018-02-14,2018-02-07,ICE
4.255470855785784,4.2531984503199265,4.213312081286144,4.216414691442874,4.209160236650682,-1,2018-02-14,2018-02-07,VNO
3.9253340194878183,3.9128226855987105,3.888549649242504,3.863462814812769,3.8649313978942956,-1,2018-02-14,2018-02-07,PEG
4.36398994718773,4.346269914961763,4.307572448748934,4.308245532169378,4.297965447047447,-1,2018-02-14,2018-02-07,KHC
4.333230220484919,4.316287392959792,4.2889514553941215,4.3010876921685295,4.3225419878389895,-1,2018-02-14,2018-02-07,OMC
4.5490230253650905,4.535927283245931,4.4942386252808095,4.5209186335405,4.417755682128127,-1,2018-02-14,2018-02-07,MCHP
4.425445255041403,4.395189621200163,4.35259782398307,4.356452383554451,4.33283639048311,-1,2018-02-14,2018-02-07,TAP
4.899554746499545,4.875197323201151,4.829912458665998,4.84245330085602,4.853903508301298,-1,2018-02-14,2018-02-07,VMC
3.68034312309165,3.6553226705850936,3.607669398688393,3.62886402170395,3.624340932976365,-1,2018-02-14,2018-02-07,SYF
4.484357565771344,4.476768471183568,4.462223176668158,4.474263916140292,4.468204330914934,-1,2018-02-14,2018-02-07,SNI
3.644404964012107,3.586015818654697,3.5380565643793527,3.560477739309412,3.539508997459668,-1,2018-02-14,2018-02-07,PWR
2.8936995479888394,2.8622008809294686,2.821973947420524,2.8524391037275145,2.850128299695199,-1,2018-02-14,2018-02-07,KMI
2.390595970316759,2.3711778844596574,2.3263016196113617,2.3758355547336385,2.3758355547336385,-1,2018-02-14,2018-02-07,F
4.218477763203211,4.199154926574446,4.156536582478548,4.162158961805957,4.167440117292651,-1,2018-02-14,2018-02-07,MNST
2.822568654544802,2.7978909051019993,2.761906873892921,2.790551422613954,2.7763317085186157,-1,2018-02-14,2018-02-07,NWSA
5.0605676628444645,5.049214776063731,4.998562712861986,5.001527275065528,5.029064429564623,-1,2018-02-14,2018-02-07,HRS
4.933250163046711,4.906681196376314,4.853981484050879,4.820442842921731,4.782897873771819,-1,2018-02-14,2018-02-07,IT
5.486745241773752,5.496225157793986,5.43201749493588,5.4278972120839315,5.458819263202066,-1,2018-02-14,2018-02-07,HII
4.829273276797001,4.800243426707209,4.760206188087624,4.785573236959415,4.77676777941907,-1,2018-02-14,2018-02-07,WYN
3.846096855311979,3.82907608460722,3.7768903314366495,3.7977338590260183,3.8031005982039594,-1,2018-02-14,2018-02-07,CFG
3.1880041612011136,3.176803048446293,3.1578511230304263,3.147594622863237,3.139399623366404,-1,2018-02-14,2018-02-07,NI
3.9908341858524357,3.9621456148313565,3.9189986191645714,3.956613888756021,3.942552210462969,-1,2018-02-14,2018-02-07,ETFC
3.9400272018377436,3.910822284851627,3.8707842574115485,3.879706403951603,3.879499813722586,-1,2018-02-14,2018-02-07,FLIR
5.163241925350947,5.154504731182189,5.125569832188355,5.111987788356544,5.115055367677026,-1,2018-02-14,2018-02-07,SBAC
4.703475874772215,4.677211738853062,4.629570072811626,4.6491870714048655,4.639764830752591,-1,2018-02-14,2018-02-07,STT
3.996364153861897,3.9950765605634317,3.9680251955434307,3.9738704087542263,3.9697257155564354,-1,2018-02-14,2018-02-07,VTR
4.424726864205909,4.403421131528038,4.361441201064773,4.386765389021055,4.415944852877343,-1,2018-02-14,2018-02-07,GILD
3.730501128804756,3.7118632905043114,3.6579046498145056,3.693120448371191,3.697343532526066,-1,2018-02-14,2018-02-07,CSCO
3.5751506887855933,3.5553480614894135,3.519868911379654,3.5467396869528134,3.550191934340043,-1,2018-02-14,2018-02-07,EVHC
4.574710978503383,4.572130331909891,4.557973751157117,4.555559685434757,4.555034116494294,-1,2018-02-14,2018-02-07,TWX
4.097007679641584,4.083452121055677,4.066116540765546,4.052480358123402,4.041119578762556,-1,2018-02-14,2018-02-07,ES
4.24778070111149,4.227563406008323,4.182355439544814,4.199755076629969,4.182813210209709,-1,2018-02-14,2018-02-07,BAX
4.7250842826534285,4.707546252604958,4.678885223810372,4.696563614417302,4.70093480797247,-1,2018-02-14,2018-02-07,CRM
3.3221541743217022,3.3160025355989236,3.2924979647388146,3.2703291064571163,3.2718477096343066,-1,2018-02-14,2018-02-07,CNP
2.6762154775821916,2.6539459421090092,2.612273245708441,2.6217658325051976,2.641910398597665,-1,2018-02-14,2018-02-07,NAVI
5.038055889672248,5.0177433055556335,4.985317486111966,4.989956282887855,5.00535470965233,-1,2018-02-14,2018-02-07,PVH
4.731009570827239,4.709079649378603,4.681297546375642,4.686381441412914,4.6625896768555775,-1,2018-02-14,2018-02-07,XEC
3.2300135692786567,3.170105660498771,3.125882958019036,3.171364842197149,3.1406980438041767,-1,2018-02-14,2018-02-07,DISCA
4.640344260995746,4.635796379529852,4.6061696863211745,4.616406817914079,4.610953430743819,-1,2018-02-14,2018-02-07,DGX
5.381048764145501,5.3429082498759115,5.282187984618153,5.304498225623118,5.300165657405654,-1,2018-02-14,2018-02-07,BRK.B
3.564166209940295,3.5610460826040513,3.5316406776874447,3.5354368568703585,3.520460802488973,-1,2018-02-14,2018-02-07,UDR
5.242646081677572,5.216619122563531,5.1874416702021,5.163814073209558,5.15178757385214,-1,2018-02-14,2018-02-07,CMI
5.381600970684774,5.358894928433641,5.3144859477096205,5.311825716572829,5.308168682598411,-1,2018-02-14,2018-02-07,WAT
4.313747793920587,4.28496492183075,4.237000862623624,4.249209272783016,4.2296036282257905,-1,2018-02-14,2018-02-07,PCAR
4.517976974285714,4.4898715616246285,4.447346100794524,4.483454427303995,4.4467604492404496,-1,2018-02-14,2018-02-07,ADI
4.798184372320789,4.78164132910387,4.73215519774258,4.760976637126291,4.763199050213001,-1,2018-02-14,2018-02-07,UHS
3.7393348976024297,3.7106409458954492,3.6622787723167574,3.681854839176972,3.6747805297344347,-1,2018-02-14,2018-02-07,BEN
4.294969802105708,4.282620578207235,4.24577726598231,4.254335298531042,4.250920869264197,-1,2018-02-14,2018-02-07,CL
3.8509983035903717,3.8334126048462345,3.794814804522605,3.790533107840436,3.7923381624821664,-1,2018-02-14,2018-02-07,SEE
5.30707887221661,5.283761948538838,5.2390980068880655,5.250701512606374,5.235750234279208,-1,2018-02-14,2018-02-07,AMG
3.832763324442514,3.7909846770510898,3.7464405646384678,3.7563044304287256,3.745496054532832,-1,2018-02-14,2018-02-07,EBAY
3.265759410767051,3.226447090364519,3.1813816204406202,3.202746442938317,3.1514531485507664,-1,2018-02-14,2018-02-07,COG
4.451552697322492,4.4146148242670336,4.380901001386372,4.390614651860415,4.406963119963913,-1,2018-02-14,2018-02-07,HLT
3.3105430133940246,3.331489969237335,3.2627013044082305,3.3586377672433594,3.3830334110344844,-1,2018-02-14,2018-02-07,NWL
4.247494741715776,4.239886867512759,4.190260619051927,4.197652973753796,4.201553368737545,-1,2018-02-14,2018-02-07,MO
4.105778939847764,4.0963425648847736,4.0654305520574585,4.056815750329687,4.052306550875202,-1,2018-02-14,2018-02-07,REG
5.1070357883825706,5.086484606379694,5.052800386256934,5.05209708390385,5.053694783556702,-1,2018-02-14,2018-02-07,CTAS
4.38974675768902,4.36906803350949,4.315886832169337,4.332573750954351,4.3389886449823125,-1,2018-02-14,2018-02-07,DFS
5.000382917631905,4.976940617572159,4.931664234225262,4.96319421949612,4.960604360490691,-1,2018-02-14,2018-02-07,NSC
5.567695438201781,5.5446695029991275,5.5154428455366835,5.522180658786596,5.526050370196054,-1,2018-02-14,2018-02-07,FDX
5.233192006587575,5.220355825078324,5.198220750009751,5.204061630622316,5.20120055576831,-1,2018-02-14,2018-02-07,AET
4.728007095947154,4.719391330078114,4.705106014600691,4.6872108963243,4.689051669968793,-1,2018-02-14,2018-02-07,CCI
4.019980146933238,4.009331187895144,3.9682142850778885,3.983599203917368,3.9856451452987596,-1,2018-02-14,2018-02-07,BBT
4.205140280369866,4.198704577546343,4.166975253257008,4.162470391269701,4.170379248498098,-1,2018-02-14,2018-02-07,PAYX
4.636184239517261,4.594715728084233,4.550502784645783,4.649761069315966,4.618579872898009,-1,2018-02-14,2018-02-07,SWKS
4.331522502500114,4.298101399736121,4.254619308757319,4.273745190588392,4.270116942120293,-1,2018-02-14,2018-02-07,WBA
5.046517105984022,5.032070574816321,4.992810709183703,4.982784365940479,4.993963759808284,-1,2018-02-14,2018-02-07,CB
4.853435526076081,4.824546650733057,4.801065862809164,4.81324070780478,4.812590776837065,-1,2018-02-14,2018-02-07,EA
4.482098188398097,4.463952184072554,4.43366986782572,4.444062025593334,4.446994751022215,-1,2018-02-14,2018-02-07,TSS
3.743130868945852,3.716008121502189,3.6709700335703683,3.6783239401744194,3.6524747722201365,-1,2018-02-14,2018-02-07,CDNS
4.892677243125585,4.864915639746849,4.831269365127934,4.849370479827911,4.856084534247658,-1,2018-02-14,2018-02-07,RCL
4.126973081713828,4.113820338722757,4.051437061210824,4.088326489896538,4.067829456566345,-1,2018-02-14,2018-02-07,SYY
4.083452121055677,4.05560373390567,4.024279687773814,4.024279687773814,4.018722624087202,-1,2018-02-14,2018-02-07,COP
4.788324729085938,4.776683544065443,4.773477331396467,4.7736463359599925,4.770684624465665,-1,2018-02-14,2018-02-07,DPS
4.71992642328628,4.699479865458833,4.656338472562491,4.672548421318039,4.668332760945732,-1,2018-02-14,2018-02-07,TROW
5.034742369439489,5.010301905195018,4.978249833952101,5.003342096602114,4.997685134920627,-1,2018-02-14,2018-02-07,AYI
3.9755610262321337,3.925531355452938,3.8776385785663154,3.917010546939185,3.8854736701946093,-1,2018-02-14,2018-02-07,AMAT
5.439339384259925,5.394445393642257,5.3612921657094255,5.39725731440294,5.39906726964818,-1,2018-02-14,2018-02-07,ILMN
5.5799939420479,5.588857849848298,5.538357365521977,5.582443122797041,5.578068068673537,-1,2018-02-14,2018-02-07,NFLX
4.668426635623106,4.65946895939547,4.646791860678911,4.638604962074329,4.645255909527377,-1,2018-02-14,2018-02-07,SRE
5.263156401454447,5.248496671564081,5.199932464626635,5.222030098375917,5.193956351223294,-1,2018-02-14,2018-02-07,FB
4.160288345516135,4.12955081795672,4.079738409832738,4.073801660990771,4.07753744390572,-1,2018-02-14,2018-02-07,BHF
4.570578741218473,4.556400021618662,4.505681287487349,4.51906748693468,4.512945241945574,-1,2018-02-14,2018-02-07,IR
4.646504049481068,4.637443746538387,4.624972813284271,4.598749618185169,4.59784341060163,-1,2018-02-14,2018-02-07,DTE
4.844029593742304,4.881513213769878,4.841822087327094,4.8448168094013155,4.865224091322398,-1,2018-02-14,2018-02-07,EW
3.3090820927543496,3.2965773325320527,3.2880286835565173,3.298795448044074,3.2801590532850993,-1,2018-02-14,2018-02-07,SYMC
4.35799005684564,4.33729074083249,4.310799125385514,4.3299435548036564,4.316821224548606,-1,2018-02-14,2018-02-07,ESRX
4.430578675256047,4.414372810713093,4.379523504455763,4.389250479763201,4.383650315789979,-1,2018-02-14,2018-02-07,YUM
4.104129862956897,4.07753744390572,4.0421736898931915,4.063885354737392,4.055950174234789,-1,2018-02-14,2018-02-07,NCLH
3.6152329139456376,3.5745903077118086,3.5493299891638506,3.546163151912341,3.541538866215227,-1,2018-02-14,2018-02-07,WY
4.234975691961846,4.2115348296335045,4.16418152181088,4.181133692294492,4.176538799848087,-1,2018-02-14,2018-02-07,CAH
4.0328237055738505,4.000400116045559,3.9611940494345954,3.9721769282478934,3.9862024036023977,-1,2018-02-14,2018-02-07,DAL
4.71483144019761,4.688775769842889,4.653769855824153,4.663533429285006,4.66645341440499,-1,2018-02-14,2018-02-07,GPN
4.061132428015987,4.068171687918078,4.0347714706871995,4.046728708280438,4.03512520256213,-1,2018-02-14,2018-02-07,HCN
4.701207374185033,4.678978113132811,4.646408094004336,4.662211926355289,4.62477671562701,-1,2018-02-14,2018-02-07,TXN
4.7350574468225135,4.68978703170797,4.656243456172092,4.680741372835166,4.664193526437552,-1,2018-02-14,2018-02-07,DLTR
4.758062932091234,4.725882261150355,4.696472344394877,4.684628107322807,4.6613614656378335,-1,2018-02-14,2018-02-07,EOG
4.764649500533414,4.735584224710024,4.699206827914474,4.720282993088596,4.699843799590773,-1,2018-02-14,2018-02-07,AAP
4.31708803351497,4.289774274968795,4.259435182087693,4.286478926661966,4.293878247897177,-1,2018-02-14,2018-02-07,TGT
4.671051555101604,4.6398614257780215,4.598044861045503,4.636571949127623,4.611351045063173,-1,2018-02-14,2018-02-07,ANDV
2.8207834710894493,2.8124102164264526,2.751109690562657,2.7555697170701863,2.7447035187502458,-1,2018-02-14,2018-02-07,HPE
4.592287560157078,4.584355046274172,4.554087395758775,4.570578741218473,4.573369873438294,-1,2018-02-14,2018-02-07,ALL
3.727378753264546,3.686626919060642,3.6428355156125294,3.664586761544892,3.675794214565281,-1,2018-02-14,2018-02-07,CF
3.8628327612373745,3.8505730431119236,3.8099902798629945,3.824065726669004,3.8104331496665127,-1,2018-02-14,2018-02-07,INFO
5.323058758436484,5.320372357328868,5.28020431112111,5.286194176745726,5.275253426949485,-1,2018-02-14,2018-02-07,CI
3.9982007016691985,3.9808025208229716,3.9523968995664194,3.9706692008608795,3.974809993526911,-1,2018-02-14,2018-02-07,FAST
3.5172010574184616,3.4766140209469096,3.4326960487215263,3.4193646856176043,3.4452142670789296,-1,2018-02-14,2018-02-07,CSRA
4.8535135383240435,4.834613849850781,4.813646700258897,4.8064770426931265,4.793970708879755,-1,2018-02-14,2018-02-07,ZBH
4.997144703913756,4.984496636486561,4.94847616218787,4.958710221231336,4.960744524482791,-1,2018-02-14,2018-02-07,IFF
3.9433278552565585,3.928289977892018,3.8751515306522415,3.867234822638012,3.868280082480227,-1,2018-02-14,2018-02-07,L
3.1285133847878095,3.1144038032714896,3.0740812399649675,3.072230244526716,3.089677886396519,-1,2018-02-14,2018-02-07,GGP
4.794053500617187,4.772124265650924,4.741709550126918,4.75298656068231,4.770260805853684,-1,2018-02-14,2018-02-07,JBHT
7.062791281081669,7.0138255427092036,6.962054052389516,6.9852717214099656,6.955192146906759,-1,2018-02-14,2018-02-07,GOOG
5.090062427727577,5.069092863667825,5.027361298011842,5.045616262991501,5.035978101768051,-1,2018-02-14,2018-02-07,IBM
4.284689401784925,4.256605125012738,4.225957449023992,4.237723145067448,4.233526626355437,-1,2018-02-14,2018-02-07,EMR
4.7140245909001735,4.69866052907543,4.658142070754197,4.670302280925873,4.679349584162343,-1,2018-02-14,2018-02-07,RL
4.2642279738954265,4.24778070111149,4.220095767527661,4.238011912034514,4.2358441244958005,-1,2018-02-14,2018-02-07,CCL
4.130033404630607,4.122121843221548,4.072950669534428,4.075161742805327,4.071928522937768,-1,2018-02-14,2018-02-07,ABT
4.035655565873421,4.0118683403978626,3.9510513923956245,3.9856451452987596,3.9697257155564354,-1,2018-02-14,2018-02-07,CSX
5.1528868883378305,5.139028508864655,5.103457533055977,5.1315541486699345,5.128299804210246,-1,2018-02-14,2018-02-07,MA
5.753207357983724,5.7277593840376495,5.6932606471966185,5.672154199198024,5.677096209393695,-1,2018-02-14,2018-02-07,TDG
4.623599321456458,4.626735963902652,4.571613402459248,4.57522630961502,4.55650501400681,-1,2018-02-14,2018-02-07,DHR
4.346010780469512,4.3357208817973705,4.295787686556971,4.28496492183075,4.285378059618076,-1,2018-02-14,2018-02-07,CINF
4.655578088531937,4.638991734463602,4.591983624183916,4.608464752937522,4.59390699370938,-1,2018-02-14,2018-02-07,PM
3.7350471349589434,3.716251400909787,3.6686767467964168,3.6805952345262387,3.6926224403927708,-1,2018-02-14,2018-02-07,CMCSA
4.627714150422986,4.599554447202456,4.562262684976814,4.580877493419047,4.583742238574471,-1,2018-02-14,2018-02-07,DG
3.318902138935325,3.3101779832749867,3.2733640101522705,3.285412348668445,3.2703291064571163,-1,2018-02-14,2018-02-07,BSX
5.13509230544507,5.123309003048306,5.101633158918245,5.118412886269687,5.115775785550532,-1,2018-02-14,2018-02-07,SNA
5.191010513559528,5.155024196721561,5.11625577595994,5.143649886535898,5.156638588216099,-1,2018-02-14,2018-02-07,URI
4.3247946887187485,4.3221439250725044,4.271932711876808,4.2781927309286685,4.272351267864781,-1,2018-02-14,2018-02-07,FTV
4.600157644164547,4.585681509404229,4.53945764262271,4.537426533901572,4.531092982591776,-1,2018-02-14,2018-02-07,SLG
3.845455761156033,3.7977338590260183,3.7891771754293,3.8097687713893897,3.8022081394209395,-1,2018-02-14,2018-02-07,CPB
5.265122461690396,5.252221070655064,5.208228531766351,5.220409877671511,5.210523865597367,-1,2018-02-14,2018-02-07,COST
6.528118723406058,6.503029897208973,6.454412090629509,6.457209119433334,6.464525996452956,-1,2018-02-14,2018-02-07,MTD
3.541249137109912,3.536602018668358,3.490428515390098,3.507956918233689,3.510649515223235,-1,2018-02-14,2018-02-07,GT
4.521571162111778,4.519503359231,4.503469631161752,4.508328834538536,4.52796511507912,-1,2018-02-14,2018-02-07,CHRW
4.902010196224638,4.900746020558973,4.900076103529192,4.921585477262745,4.903124319710477,-1,2018-02-14,2018-02-07,EL
4.0920085024245525,4.0700518696530565,4.032469158504013,4.015662040187632,4.023206534388761,-1,2018-02-14,2018-02-07,MRK
4.4961362649639565,4.453416630760555,4.446643277759854,4.4785860338786385,4.458292990127331,-1,2018-02-14,2018-02-07,INCY
3.8196883942253503,3.7970609869584644,3.740285242173836,3.733613785454107,3.7268975213014572,-1,2018-02-14,2018-02-07,FLS
4.3294166844015844,4.326513924743623,4.313346214368975,4.305550475963267,4.300816579248338,-1,2018-02-14,2018-02-07,D
4.324265097815334,4.299867104778908,4.267597343922845,4.2632430986839145,4.244917420701475,-1,2018-02-14,2018-02-07,SLB
6.337161957801764,6.306859058126299,6.263341118101765,6.2826778773235805,6.27713209176055,-1,2018-02-14,2018-02-07,BLK
2.9861868607104594,2.9770590082883697,2.944965156500338,2.9507349076232554,2.954910279033736,-1,2018-02-14,2018-02-07,PBCT
5.072983919160791,5.054014017398201,5.011767985692189,5.019925341003349,5.01853732399211,-1,2018-02-14,2018-02-07,HON
4.658900508409059,4.648995665528121,4.606069781230928,4.6141299273595635,4.633271616098966,-1,2018-02-14,2018-02-07,WMT
4.354398467556408,4.340944189572651,4.3017651530710745,4.294151248171873,4.3021714094244174,-1,2018-02-14,2018-02-07,ZTS
4.195395806291828,4.162626069638506,4.135806352029695,4.152613470346076,4.1418640781900775,-1,2018-02-14,2018-02-07,NUE
5.404297690085269,5.383072032412845,5.339027354795824,5.344628269411287,5.335372274499048,-1,2018-02-14,2018-02-07,TMO
2.8875901149342877,2.8752581200861167,2.8213788864092133,2.837322536806349,2.836736542063533,-1,2018-02-14,2018-02-07,CTL
4.069539443303129,4.029628247502409,3.996547960497834,4.025530246221741,4.029272565478386,-1,2018-02-14,2018-02-07,RHI
4.937419231764997,4.924932151903284,4.899703733388974,4.905422915613724,4.9082333604781745,-1,2018-02-14,2018-02-07,COL
6.097040039656621,6.080733789865864,6.06334325057339,6.065760001685776,6.0546271220656225,-1,2018-02-14,2018-02-07,EQIX
4.579954936847027,4.564764771353053,4.545632473271895,4.547329186298241,4.554718642491993,-1,2018-02-14,2018-02-07,DRI
4.645544080126364,4.610555658264429,4.572130331909891,4.585579536223087,4.587108043169683,-1,2018-02-14,2018-02-07,IQV
3.9433278552565585,3.9367156180185177,3.914021008090819,3.9134220263418533,3.890186310818972,-1,2018-02-14,2018-02-07,O
5.549504008886889,5.52110085304669,5.475542625917242,5.486745241773752,5.508375678313591,-1,2018-02-14,2018-02-07,ADS
3.872866290226952,3.8366526984033693,3.8008679560619836,3.8310298462186143,3.8349259550431793,-1,2018-02-14,2018-02-07,DHI
5.846438775057725,5.840147349176718,5.793958283988824,5.80772198115858,5.7896237228676535,-1,2018-02-14,2018-02-07,BIIB
5.417033300253021,5.401415324551604,5.352900244318328,5.3587537353518675,5.370405442942291,-1,2018-02-14,2018-02-07,GD
4.161535811762424,4.143769445549624,4.1047898200836395,4.098668533702155,4.1021473742851216,-1,2018-02-14,2018-02-07,AIG
4.214347354616797,4.20797082229696,4.164958341550092,4.177766170361173,4.184032908485631,-1,2018-02-14,2018-02-07,NKE
3.7513846594653333,3.7386215460087504,3.696351468952637,3.6985822295753215,3.700066643504501,-1,2018-02-14,2018-02-07,HOLX
4.350922889622548,4.326117440234365,4.288265254859407,4.304470416455007,4.3129444734864375,-1,2018-02-14,2018-02-07,DVA
4.561636183964363,4.544570563859161,4.514479320703588,4.542549824006424,4.627127353340134,-1,2018-02-14,2018-02-07,HAS
4.766948841550716,4.720015577657132,4.689235561105759,4.734618253174978,4.702931903770587,-1,2018-02-14,2018-02-07,LYB
2.583997552432231,2.5217206229107165,2.448415541205585,2.4553061800117097,2.451005098112319,-1,2018-02-14,2018-02-07,AMD
4.789988622980633,4.7763465316770475,4.740225416980956,4.732331331604771,4.7318028369214575,-1,2018-02-14,2018-02-07,PEP
4.780718858494617,4.781976562093936,4.742668699173725,4.7477108727702015,4.747884288187267,-1,2018-02-14,2018-02-07,BXP
3.605226069116683,3.644143560272545,3.629129449708162,3.6200651381135764,3.7376696182833684,-1,2018-02-14,2018-02-07,XL
4.74987640698735,4.715279408668121,4.692997896353612,4.724019319826472,4.705377446405117,-1,2018-02-14,2018-02-07,ADSK
5.8775677004278695,5.854814009289591,5.795692942589623,5.8316185128291975,5.852547247921313,-1,2018-02-14,2018-02-07,BA
3.6656108271745818,3.661251286996462,3.643358938812127,3.624607564093796,3.624340932976365,-1,2018-02-14,2018-02-07,LNT
4.564556503102795,4.545526333060576,4.512396785835737,4.528289141652134,4.539991459963097,-1,2018-02-14,2018-02-07,APTV
3.51631018876266,3.5004392163118045,3.456316680883235,3.4663607075685685,3.4763048541489607,-1,2018-02-14,2018-02-07,FITB
5.620690678789748,5.600567803175214,5.573483945929398,5.591173530273546,5.589717518368229,-1,2018-02-14,2018-02-07,MHK
5.153233789358886,5.113432527350917,5.044327935062725,5.07060087526369,5.047738382047758,-1,2018-02-14,2018-02-07,VRTX
4.2130160919396,4.185403293169068,4.140114296466289,4.153713494028934,4.166355098198373,-1,2018-02-14,2018-02-07,AKAM
5.366349776939864,5.349485653122436,5.295262705818808,5.309801174489323,5.336046583358044,-1,2018-02-14,2018-02-07,LLL
3.603049197508743,3.589611452455267,3.571221410645704,3.595118074299462,3.5751506887855933,-1,2018-02-14,2018-02-07,FOX
